epoch,step,test/accent,test/age,test/emotion,test/gender,test/wer
0,0,0.7236180901527405,-4.9296875,0.5604395866394043,0.8918918967247009,0.7123951315879822
