epoch,step,test/accent,test/age,test/emotion,test/gender,test/wer
0,0,0.7272727489471436,8.064516067504883,0.5416666865348816,0.892405092716217,0.5171396732330322
